IRF,NFkB,IFNb,p50,Stimulus,Genotype,Dataset
0.25,1.0,0.6,1,LPS,WT,original
0.25,1.0,0.6,0,LPS,p50KO,original
0.01,0.8,0.0,1,CpG,WT,original
0.01,0.8,0.3,0,CpG,p50KO,original
0.25,0.0,0.2,1,LPS,relacrelKO,original
0.01,1.0,0.0,1,LPS,irf3irf7KO,original
1.0,0.5,1.0,1,polyIC,WT,original
1.0,0.0,1.0,1,polyIC,relacrelKO,original
0.1,0.5,0.2,1,polyIC,irf3irf7KO,original
0.0,0.5,0.0,1,polyIC,irf3irf5irf7KO,original
0.249,1.0,0.6,1,LPS,WT,synthetic_0
0.25,1.0,0.6,0,LPS,p50KO,synthetic_0
0.01,0.797,0.0,1,CpG,WT,synthetic_0
0.01,0.801,0.3,0,CpG,p50KO,synthetic_0
0.247,0.0,0.2,1,LPS,relacrelKO,synthetic_0
0.01,1.0,0.0,1,LPS,irf3irf7KO,synthetic_0
0.999,0.498,1.0,1,polyIC,WT,synthetic_0
1.0,0.0,1.0,1,polyIC,relacrelKO,synthetic_0
0.101,0.495,0.2,1,polyIC,irf3irf7KO,synthetic_0
0.0,0.499,0.0,1,polyIC,irf3irf5irf7KO,synthetic_0
0.25,1.0,0.6,1,LPS,WT,synthetic_1
0.25,0.994,0.6,0,LPS,p50KO,synthetic_1
0.01,0.794,0.0,1,CpG,WT,synthetic_1
0.01,0.797,0.3,0,CpG,p50KO,synthetic_1
0.251,0.0,0.2,1,LPS,relacrelKO,synthetic_1
0.01,1.0,0.0,1,LPS,irf3irf7KO,synthetic_1
0.999,0.497,1.0,1,polyIC,WT,synthetic_1
1.0,0.0,1.0,1,polyIC,relacrelKO,synthetic_1
0.1,0.494,0.2,1,polyIC,irf3irf7KO,synthetic_1
0.0,0.498,0.0,1,polyIC,irf3irf5irf7KO,synthetic_1
0.252,1.0,0.6,1,LPS,WT,synthetic_2
0.25,0.982,0.6,0,LPS,p50KO,synthetic_2
0.01,0.802,0.0,1,CpG,WT,synthetic_2
0.01,0.798,0.3,0,CpG,p50KO,synthetic_2
0.249,0.0,0.2,1,LPS,relacrelKO,synthetic_2
0.01,1.0,0.0,1,LPS,irf3irf7KO,synthetic_2
0.976,0.505,1.0,1,polyIC,WT,synthetic_2
1.0,0.0,1.0,1,polyIC,relacrelKO,synthetic_2
0.1,0.492,0.2,1,polyIC,irf3irf7KO,synthetic_2
0.0,0.498,0.0,1,polyIC,irf3irf5irf7KO,synthetic_2
0.25,1.0,0.6,1,LPS,WT,synthetic_3
0.248,0.992,0.6,0,LPS,p50KO,synthetic_3
0.01,0.81,0.0,1,CpG,WT,synthetic_3
0.01,0.794,0.3,0,CpG,p50KO,synthetic_3
0.25,0.0,0.2,1,LPS,relacrelKO,synthetic_3
0.01,1.0,0.0,1,LPS,irf3irf7KO,synthetic_3
0.995,0.503,1.0,1,polyIC,WT,synthetic_3
0.996,0.0,1.0,1,polyIC,relacrelKO,synthetic_3
0.1,0.498,0.2,1,polyIC,irf3irf7KO,synthetic_3
0.0,0.504,0.0,1,polyIC,irf3irf5irf7KO,synthetic_3
0.249,1.0,0.6,1,LPS,WT,synthetic_4
0.249,0.989,0.6,0,LPS,p50KO,synthetic_4
0.01,0.805,0.0,1,CpG,WT,synthetic_4
0.01,0.791,0.3,0,CpG,p50KO,synthetic_4
0.25,0.0,0.2,1,LPS,relacrelKO,synthetic_4
0.01,0.993,0.0,1,LPS,irf3irf7KO,synthetic_4
1.0,0.497,1.0,1,polyIC,WT,synthetic_4
1.0,0.0,1.0,1,polyIC,relacrelKO,synthetic_4
0.099,0.498,0.2,1,polyIC,irf3irf7KO,synthetic_4
0.0,0.499,0.0,1,polyIC,irf3irf5irf7KO,synthetic_4
0.249,1.0,0.6,1,LPS,WT,synthetic_5
0.252,1.0,0.6,0,LPS,p50KO,synthetic_5
0.01,0.804,0.0,1,CpG,WT,synthetic_5
0.01,0.801,0.3,0,CpG,p50KO,synthetic_5
0.247,0.0,0.2,1,LPS,relacrelKO,synthetic_5
0.01,1.0,0.0,1,LPS,irf3irf7KO,synthetic_5
0.996,0.496,1.0,1,polyIC,WT,synthetic_5
0.999,0.0,1.0,1,polyIC,relacrelKO,synthetic_5
0.1,0.5,0.2,1,polyIC,irf3irf7KO,synthetic_5
0.0,0.505,0.0,1,polyIC,irf3irf5irf7KO,synthetic_5
0.251,0.995,0.6,1,LPS,WT,synthetic_6
0.249,1.0,0.6,0,LPS,p50KO,synthetic_6
0.01,0.8,0.0,1,CpG,WT,synthetic_6
0.01,0.8,0.3,0,CpG,p50KO,synthetic_6
0.248,0.0,0.2,1,LPS,relacrelKO,synthetic_6
0.01,1.0,0.0,1,LPS,irf3irf7KO,synthetic_6
1.0,0.498,1.0,1,polyIC,WT,synthetic_6
0.998,0.0,1.0,1,polyIC,relacrelKO,synthetic_6
0.1,0.494,0.2,1,polyIC,irf3irf7KO,synthetic_6
0.0,0.498,0.0,1,polyIC,irf3irf5irf7KO,synthetic_6
0.249,0.995,0.6,1,LPS,WT,synthetic_7
0.248,0.986,0.6,0,LPS,p50KO,synthetic_7
0.01,0.796,0.0,1,CpG,WT,synthetic_7
0.01,0.799,0.3,0,CpG,p50KO,synthetic_7
0.25,0.0,0.2,1,LPS,relacrelKO,synthetic_7
0.01,1.0,0.0,1,LPS,irf3irf7KO,synthetic_7
1.0,0.499,1.0,1,polyIC,WT,synthetic_7
0.996,0.0,1.0,1,polyIC,relacrelKO,synthetic_7
0.1,0.495,0.2,1,polyIC,irf3irf7KO,synthetic_7
0.0,0.494,0.0,1,polyIC,irf3irf5irf7KO,synthetic_7
0.249,1.0,0.6,1,LPS,WT,synthetic_8
0.255,0.991,0.6,0,LPS,p50KO,synthetic_8
0.01,0.797,0.0,1,CpG,WT,synthetic_8
0.01,0.8,0.3,0,CpG,p50KO,synthetic_8
0.25,0.0,0.2,1,LPS,relacrelKO,synthetic_8
0.01,1.0,0.0,1,LPS,irf3irf7KO,synthetic_8
1.0,0.494,1.0,1,polyIC,WT,synthetic_8
1.0,0.0,1.0,1,polyIC,relacrelKO,synthetic_8
0.101,0.508,0.2,1,polyIC,irf3irf7KO,synthetic_8
0.0,0.499,0.0,1,polyIC,irf3irf5irf7KO,synthetic_8
0.251,0.998,0.6,1,LPS,WT,synthetic_9
0.254,0.994,0.6,0,LPS,p50KO,synthetic_9
0.01,0.806,0.0,1,CpG,WT,synthetic_9
0.01,0.799,0.3,0,CpG,p50KO,synthetic_9
0.25,0.0,0.2,1,LPS,relacrelKO,synthetic_9
0.01,0.988,0.0,1,LPS,irf3irf7KO,synthetic_9
0.994,0.502,1.0,1,polyIC,WT,synthetic_9
0.978,0.0,1.0,1,polyIC,relacrelKO,synthetic_9
0.099,0.498,0.2,1,polyIC,irf3irf7KO,synthetic_9
0.0,0.499,0.0,1,polyIC,irf3irf5irf7KO,synthetic_9
0.247,1.0,0.6,1,LPS,WT,synthetic_10
0.25,0.993,0.6,0,LPS,p50KO,synthetic_10
0.01,0.796,0.0,1,CpG,WT,synthetic_10
0.01,0.791,0.3,0,CpG,p50KO,synthetic_10
0.25,0.0,0.2,1,LPS,relacrelKO,synthetic_10
0.01,1.0,0.0,1,LPS,irf3irf7KO,synthetic_10
0.999,0.491,1.0,1,polyIC,WT,synthetic_10
0.997,0.0,1.0,1,polyIC,relacrelKO,synthetic_10
0.1,0.501,0.2,1,polyIC,irf3irf7KO,synthetic_10
0.0,0.498,0.0,1,polyIC,irf3irf5irf7KO,synthetic_10
0.252,1.0,0.6,1,LPS,WT,synthetic_11
0.247,1.0,0.6,0,LPS,p50KO,synthetic_11
0.01,0.806,0.0,1,CpG,WT,synthetic_11
0.01,0.799,0.3,0,CpG,p50KO,synthetic_11
0.248,0.0,0.2,1,LPS,relacrelKO,synthetic_11
0.01,0.994,0.0,1,LPS,irf3irf7KO,synthetic_11
1.0,0.506,1.0,1,polyIC,WT,synthetic_11
1.0,0.0,1.0,1,polyIC,relacrelKO,synthetic_11
0.1,0.499,0.2,1,polyIC,irf3irf7KO,synthetic_11
0.0,0.503,0.0,1,polyIC,irf3irf5irf7KO,synthetic_11
0.25,0.99,0.6,1,LPS,WT,synthetic_12
0.247,0.995,0.6,0,LPS,p50KO,synthetic_12
0.01,0.794,0.0,1,CpG,WT,synthetic_12
0.01,0.812,0.3,0,CpG,p50KO,synthetic_12
0.248,0.0,0.2,1,LPS,relacrelKO,synthetic_12
0.01,1.0,0.0,1,LPS,irf3irf7KO,synthetic_12
1.0,0.5,1.0,1,polyIC,WT,synthetic_12
0.996,0.0,1.0,1,polyIC,relacrelKO,synthetic_12
0.1,0.502,0.2,1,polyIC,irf3irf7KO,synthetic_12
0.0,0.501,0.0,1,polyIC,irf3irf5irf7KO,synthetic_12
0.247,0.994,0.6,1,LPS,WT,synthetic_13
0.251,1.0,0.6,0,LPS,p50KO,synthetic_13
0.01,0.79,0.0,1,CpG,WT,synthetic_13
0.01,0.805,0.3,0,CpG,p50KO,synthetic_13
0.248,0.0,0.2,1,LPS,relacrelKO,synthetic_13
0.01,1.0,0.0,1,LPS,irf3irf7KO,synthetic_13
0.995,0.498,1.0,1,polyIC,WT,synthetic_13
0.997,0.0,1.0,1,polyIC,relacrelKO,synthetic_13
0.1,0.5,0.2,1,polyIC,irf3irf7KO,synthetic_13
0.0,0.505,0.0,1,polyIC,irf3irf5irf7KO,synthetic_13
0.253,1.0,0.6,1,LPS,WT,synthetic_14
0.252,1.0,0.6,0,LPS,p50KO,synthetic_14
0.01,0.807,0.0,1,CpG,WT,synthetic_14
0.01,0.795,0.3,0,CpG,p50KO,synthetic_14
0.249,0.0,0.2,1,LPS,relacrelKO,synthetic_14
0.01,1.0,0.0,1,LPS,irf3irf7KO,synthetic_14
1.0,0.505,1.0,1,polyIC,WT,synthetic_14
0.997,0.0,1.0,1,polyIC,relacrelKO,synthetic_14
0.1,0.506,0.2,1,polyIC,irf3irf7KO,synthetic_14
0.0,0.498,0.0,1,polyIC,irf3irf5irf7KO,synthetic_14
0.252,0.998,0.6,1,LPS,WT,synthetic_15
0.247,0.99,0.6,0,LPS,p50KO,synthetic_15
0.01,0.799,0.0,1,CpG,WT,synthetic_15
0.01,0.792,0.3,0,CpG,p50KO,synthetic_15
0.251,0.0,0.2,1,LPS,relacrelKO,synthetic_15
0.01,1.0,0.0,1,LPS,irf3irf7KO,synthetic_15
0.994,0.507,1.0,1,polyIC,WT,synthetic_15
0.997,0.0,1.0,1,polyIC,relacrelKO,synthetic_15
0.099,0.503,0.2,1,polyIC,irf3irf7KO,synthetic_15
0.0,0.501,0.0,1,polyIC,irf3irf5irf7KO,synthetic_15
0.248,0.997,0.6,1,LPS,WT,synthetic_16
0.252,0.985,0.6,0,LPS,p50KO,synthetic_16
0.01,0.804,0.0,1,CpG,WT,synthetic_16
0.01,0.799,0.3,0,CpG,p50KO,synthetic_16
0.25,0.0,0.2,1,LPS,relacrelKO,synthetic_16
0.01,1.0,0.0,1,LPS,irf3irf7KO,synthetic_16
0.993,0.497,1.0,1,polyIC,WT,synthetic_16
1.0,0.0,1.0,1,polyIC,relacrelKO,synthetic_16
0.1,0.509,0.2,1,polyIC,irf3irf7KO,synthetic_16
0.0,0.491,0.0,1,polyIC,irf3irf5irf7KO,synthetic_16
0.249,0.997,0.6,1,LPS,WT,synthetic_17
0.251,1.0,0.6,0,LPS,p50KO,synthetic_17
0.01,0.794,0.0,1,CpG,WT,synthetic_17
0.01,0.791,0.3,0,CpG,p50KO,synthetic_17
0.252,0.0,0.2,1,LPS,relacrelKO,synthetic_17
0.01,0.977,0.0,1,LPS,irf3irf7KO,synthetic_17
1.0,0.497,1.0,1,polyIC,WT,synthetic_17
1.0,0.0,1.0,1,polyIC,relacrelKO,synthetic_17
0.1,0.506,0.2,1,polyIC,irf3irf7KO,synthetic_17
0.0,0.497,0.0,1,polyIC,irf3irf5irf7KO,synthetic_17
0.249,0.998,0.6,1,LPS,WT,synthetic_18
0.249,1.0,0.6,0,LPS,p50KO,synthetic_18
0.01,0.797,0.0,1,CpG,WT,synthetic_18
0.01,0.798,0.3,0,CpG,p50KO,synthetic_18
0.251,0.0,0.2,1,LPS,relacrelKO,synthetic_18
0.01,0.988,0.0,1,LPS,irf3irf7KO,synthetic_18
0.994,0.504,1.0,1,polyIC,WT,synthetic_18
0.995,0.0,1.0,1,polyIC,relacrelKO,synthetic_18
0.1,0.494,0.2,1,polyIC,irf3irf7KO,synthetic_18
0.0,0.502,0.0,1,polyIC,irf3irf5irf7KO,synthetic_18
0.251,0.987,0.6,1,LPS,WT,synthetic_19
0.248,1.0,0.6,0,LPS,p50KO,synthetic_19
0.01,0.806,0.0,1,CpG,WT,synthetic_19
0.01,0.804,0.3,0,CpG,p50KO,synthetic_19
0.251,0.0,0.2,1,LPS,relacrelKO,synthetic_19
0.01,1.0,0.0,1,LPS,irf3irf7KO,synthetic_19
1.0,0.494,1.0,1,polyIC,WT,synthetic_19
0.987,0.0,1.0,1,polyIC,relacrelKO,synthetic_19
0.1,0.501,0.2,1,polyIC,irf3irf7KO,synthetic_19
0.0,0.505,0.0,1,polyIC,irf3irf5irf7KO,synthetic_19
0.249,1.0,0.6,1,LPS,WT,synthetic_20
0.25,0.997,0.6,0,LPS,p50KO,synthetic_20
0.01,0.785,0.0,1,CpG,WT,synthetic_20
0.01,0.808,0.3,0,CpG,p50KO,synthetic_20
0.253,0.0,0.2,1,LPS,relacrelKO,synthetic_20
0.01,0.997,0.0,1,LPS,irf3irf7KO,synthetic_20
1.0,0.497,1.0,1,polyIC,WT,synthetic_20
1.0,0.0,1.0,1,polyIC,relacrelKO,synthetic_20
0.1,0.497,0.2,1,polyIC,irf3irf7KO,synthetic_20
0.0,0.499,0.0,1,polyIC,irf3irf5irf7KO,synthetic_20
0.253,0.995,0.6,1,LPS,WT,synthetic_21
0.249,0.998,0.6,0,LPS,p50KO,synthetic_21
0.01,0.787,0.0,1,CpG,WT,synthetic_21
0.01,0.797,0.3,0,CpG,p50KO,synthetic_21
0.252,0.0,0.2,1,LPS,relacrelKO,synthetic_21
0.01,1.0,0.0,1,LPS,irf3irf7KO,synthetic_21
1.0,0.505,1.0,1,polyIC,WT,synthetic_21
1.0,0.0,1.0,1,polyIC,relacrelKO,synthetic_21
0.1,0.5,0.2,1,polyIC,irf3irf7KO,synthetic_21
0.0,0.49,0.0,1,polyIC,irf3irf5irf7KO,synthetic_21
0.248,1.0,0.6,1,LPS,WT,synthetic_22
0.25,0.988,0.6,0,LPS,p50KO,synthetic_22
0.01,0.799,0.0,1,CpG,WT,synthetic_22
0.01,0.804,0.3,0,CpG,p50KO,synthetic_22
0.25,0.0,0.2,1,LPS,relacrelKO,synthetic_22
0.01,1.0,0.0,1,LPS,irf3irf7KO,synthetic_22
0.999,0.506,1.0,1,polyIC,WT,synthetic_22
0.993,0.0,1.0,1,polyIC,relacrelKO,synthetic_22
0.099,0.501,0.2,1,polyIC,irf3irf7KO,synthetic_22
0.0,0.502,0.0,1,polyIC,irf3irf5irf7KO,synthetic_22
0.251,0.992,0.6,1,LPS,WT,synthetic_23
0.254,1.0,0.6,0,LPS,p50KO,synthetic_23
0.01,0.793,0.0,1,CpG,WT,synthetic_23
0.01,0.802,0.3,0,CpG,p50KO,synthetic_23
0.249,0.0,0.2,1,LPS,relacrelKO,synthetic_23
0.01,1.0,0.0,1,LPS,irf3irf7KO,synthetic_23
0.996,0.511,1.0,1,polyIC,WT,synthetic_23
1.0,0.0,1.0,1,polyIC,relacrelKO,synthetic_23
0.099,0.504,0.2,1,polyIC,irf3irf7KO,synthetic_23
0.0,0.498,0.0,1,polyIC,irf3irf5irf7KO,synthetic_23
0.251,0.993,0.6,1,LPS,WT,synthetic_24
0.249,1.0,0.6,0,LPS,p50KO,synthetic_24
0.01,0.803,0.0,1,CpG,WT,synthetic_24
0.01,0.802,0.3,0,CpG,p50KO,synthetic_24
0.249,0.0,0.2,1,LPS,relacrelKO,synthetic_24
0.01,1.0,0.0,1,LPS,irf3irf7KO,synthetic_24
0.995,0.497,1.0,1,polyIC,WT,synthetic_24
0.999,0.0,1.0,1,polyIC,relacrelKO,synthetic_24
0.1,0.503,0.2,1,polyIC,irf3irf7KO,synthetic_24
0.0,0.5,0.0,1,polyIC,irf3irf5irf7KO,synthetic_24
0.254,1.0,0.6,1,LPS,WT,synthetic_25
0.248,0.991,0.6,0,LPS,p50KO,synthetic_25
0.01,0.798,0.0,1,CpG,WT,synthetic_25
0.01,0.801,0.3,0,CpG,p50KO,synthetic_25
0.25,0.0,0.2,1,LPS,relacrelKO,synthetic_25
0.01,0.99,0.0,1,LPS,irf3irf7KO,synthetic_25
0.996,0.5,1.0,1,polyIC,WT,synthetic_25
1.0,0.0,1.0,1,polyIC,relacrelKO,synthetic_25
0.101,0.5,0.2,1,polyIC,irf3irf7KO,synthetic_25
0.0,0.5,0.0,1,polyIC,irf3irf5irf7KO,synthetic_25
0.25,1.0,0.6,1,LPS,WT,synthetic_26
0.251,1.0,0.6,0,LPS,p50KO,synthetic_26
0.01,0.807,0.0,1,CpG,WT,synthetic_26
0.01,0.81,0.3,0,CpG,p50KO,synthetic_26
0.247,0.0,0.2,1,LPS,relacrelKO,synthetic_26
0.01,1.0,0.0,1,LPS,irf3irf7KO,synthetic_26
0.981,0.499,1.0,1,polyIC,WT,synthetic_26
1.0,0.0,1.0,1,polyIC,relacrelKO,synthetic_26
0.1,0.5,0.2,1,polyIC,irf3irf7KO,synthetic_26
0.0,0.5,0.0,1,polyIC,irf3irf5irf7KO,synthetic_26
0.25,1.0,0.6,1,LPS,WT,synthetic_27
0.25,0.999,0.6,0,LPS,p50KO,synthetic_27
0.01,0.805,0.0,1,CpG,WT,synthetic_27
0.01,0.806,0.3,0,CpG,p50KO,synthetic_27
0.246,0.0,0.2,1,LPS,relacrelKO,synthetic_27
0.01,0.991,0.0,1,LPS,irf3irf7KO,synthetic_27
1.0,0.501,1.0,1,polyIC,WT,synthetic_27
1.0,0.0,1.0,1,polyIC,relacrelKO,synthetic_27
0.102,0.502,0.2,1,polyIC,irf3irf7KO,synthetic_27
0.0,0.503,0.0,1,polyIC,irf3irf5irf7KO,synthetic_27
0.249,1.0,0.6,1,LPS,WT,synthetic_28
0.25,0.995,0.6,0,LPS,p50KO,synthetic_28
0.01,0.801,0.0,1,CpG,WT,synthetic_28
0.01,0.803,0.3,0,CpG,p50KO,synthetic_28
0.246,0.0,0.2,1,LPS,relacrelKO,synthetic_28
0.01,1.0,0.0,1,LPS,irf3irf7KO,synthetic_28
1.0,0.492,1.0,1,polyIC,WT,synthetic_28
0.993,0.0,1.0,1,polyIC,relacrelKO,synthetic_28
0.101,0.501,0.2,1,polyIC,irf3irf7KO,synthetic_28
0.0,0.496,0.0,1,polyIC,irf3irf5irf7KO,synthetic_28
0.25,0.995,0.6,1,LPS,WT,synthetic_29
0.252,1.0,0.6,0,LPS,p50KO,synthetic_29
0.01,0.793,0.0,1,CpG,WT,synthetic_29
0.01,0.796,0.3,0,CpG,p50KO,synthetic_29
0.249,0.0,0.2,1,LPS,relacrelKO,synthetic_29
0.01,1.0,0.0,1,LPS,irf3irf7KO,synthetic_29
0.992,0.498,1.0,1,polyIC,WT,synthetic_29
1.0,0.0,1.0,1,polyIC,relacrelKO,synthetic_29
0.099,0.494,0.2,1,polyIC,irf3irf7KO,synthetic_29
0.0,0.5,0.0,1,polyIC,irf3irf5irf7KO,synthetic_29
0.251,0.993,0.6,1,LPS,WT,synthetic_30
0.249,1.0,0.6,0,LPS,p50KO,synthetic_30
0.01,0.804,0.0,1,CpG,WT,synthetic_30
0.01,0.79,0.3,0,CpG,p50KO,synthetic_30
0.254,0.0,0.2,1,LPS,relacrelKO,synthetic_30
0.01,1.0,0.0,1,LPS,irf3irf7KO,synthetic_30
0.991,0.495,1.0,1,polyIC,WT,synthetic_30
0.992,0.0,1.0,1,polyIC,relacrelKO,synthetic_30
0.1,0.496,0.2,1,polyIC,irf3irf7KO,synthetic_30
0.0,0.503,0.0,1,polyIC,irf3irf5irf7KO,synthetic_30
0.247,1.0,0.6,1,LPS,WT,synthetic_31
0.252,1.0,0.6,0,LPS,p50KO,synthetic_31
0.01,0.792,0.0,1,CpG,WT,synthetic_31
0.01,0.798,0.3,0,CpG,p50KO,synthetic_31
0.249,0.0,0.2,1,LPS,relacrelKO,synthetic_31
0.01,0.998,0.0,1,LPS,irf3irf7KO,synthetic_31
1.0,0.498,1.0,1,polyIC,WT,synthetic_31
1.0,0.0,1.0,1,polyIC,relacrelKO,synthetic_31
0.1,0.496,0.2,1,polyIC,irf3irf7KO,synthetic_31
0.0,0.497,0.0,1,polyIC,irf3irf5irf7KO,synthetic_31
0.251,0.999,0.6,1,LPS,WT,synthetic_32
0.247,0.999,0.6,0,LPS,p50KO,synthetic_32
0.01,0.808,0.0,1,CpG,WT,synthetic_32
0.01,0.806,0.3,0,CpG,p50KO,synthetic_32
0.249,0.0,0.2,1,LPS,relacrelKO,synthetic_32
0.01,0.996,0.0,1,LPS,irf3irf7KO,synthetic_32
1.0,0.504,1.0,1,polyIC,WT,synthetic_32
1.0,0.0,1.0,1,polyIC,relacrelKO,synthetic_32
0.1,0.498,0.2,1,polyIC,irf3irf7KO,synthetic_32
0.0,0.501,0.0,1,polyIC,irf3irf5irf7KO,synthetic_32
0.251,1.0,0.6,1,LPS,WT,synthetic_33
0.252,0.998,0.6,0,LPS,p50KO,synthetic_33
0.01,0.795,0.0,1,CpG,WT,synthetic_33
0.01,0.792,0.3,0,CpG,p50KO,synthetic_33
0.25,0.0,0.2,1,LPS,relacrelKO,synthetic_33
0.01,1.0,0.0,1,LPS,irf3irf7KO,synthetic_33
0.993,0.495,1.0,1,polyIC,WT,synthetic_33
1.0,0.0,1.0,1,polyIC,relacrelKO,synthetic_33
0.101,0.501,0.2,1,polyIC,irf3irf7KO,synthetic_33
0.0,0.499,0.0,1,polyIC,irf3irf5irf7KO,synthetic_33
0.249,1.0,0.6,1,LPS,WT,synthetic_34
0.249,0.995,0.6,0,LPS,p50KO,synthetic_34
0.01,0.804,0.0,1,CpG,WT,synthetic_34
0.01,0.798,0.3,0,CpG,p50KO,synthetic_34
0.253,0.0,0.2,1,LPS,relacrelKO,synthetic_34
0.01,0.988,0.0,1,LPS,irf3irf7KO,synthetic_34
1.0,0.498,1.0,1,polyIC,WT,synthetic_34
1.0,0.0,1.0,1,polyIC,relacrelKO,synthetic_34
0.101,0.505,0.2,1,polyIC,irf3irf7KO,synthetic_34
0.0,0.499,0.0,1,polyIC,irf3irf5irf7KO,synthetic_34
0.25,1.0,0.6,1,LPS,WT,synthetic_35
0.25,0.994,0.6,0,LPS,p50KO,synthetic_35
0.01,0.793,0.0,1,CpG,WT,synthetic_35
0.01,0.81,0.3,0,CpG,p50KO,synthetic_35
0.252,0.0,0.2,1,LPS,relacrelKO,synthetic_35
0.01,0.998,0.0,1,LPS,irf3irf7KO,synthetic_35
1.0,0.506,1.0,1,polyIC,WT,synthetic_35
1.0,0.0,1.0,1,polyIC,relacrelKO,synthetic_35
0.099,0.499,0.2,1,polyIC,irf3irf7KO,synthetic_35
0.0,0.504,0.0,1,polyIC,irf3irf5irf7KO,synthetic_35
0.251,0.994,0.6,1,LPS,WT,synthetic_36
0.25,1.0,0.6,0,LPS,p50KO,synthetic_36
0.01,0.798,0.0,1,CpG,WT,synthetic_36
0.01,0.793,0.3,0,CpG,p50KO,synthetic_36
0.251,0.0,0.2,1,LPS,relacrelKO,synthetic_36
0.01,1.0,0.0,1,LPS,irf3irf7KO,synthetic_36
0.986,0.499,1.0,1,polyIC,WT,synthetic_36
1.0,0.0,1.0,1,polyIC,relacrelKO,synthetic_36
0.1,0.498,0.2,1,polyIC,irf3irf7KO,synthetic_36
0.0,0.503,0.0,1,polyIC,irf3irf5irf7KO,synthetic_36
0.247,0.999,0.6,1,LPS,WT,synthetic_37
0.253,0.996,0.6,0,LPS,p50KO,synthetic_37
0.01,0.785,0.0,1,CpG,WT,synthetic_37
0.01,0.804,0.3,0,CpG,p50KO,synthetic_37
0.25,0.0,0.2,1,LPS,relacrelKO,synthetic_37
0.01,0.997,0.0,1,LPS,irf3irf7KO,synthetic_37
0.992,0.499,1.0,1,polyIC,WT,synthetic_37
1.0,0.0,1.0,1,polyIC,relacrelKO,synthetic_37
0.099,0.503,0.2,1,polyIC,irf3irf7KO,synthetic_37
0.0,0.496,0.0,1,polyIC,irf3irf5irf7KO,synthetic_37
0.25,0.994,0.6,1,LPS,WT,synthetic_38
0.244,0.997,0.6,0,LPS,p50KO,synthetic_38
0.01,0.8,0.0,1,CpG,WT,synthetic_38
0.01,0.784,0.3,0,CpG,p50KO,synthetic_38
0.252,0.0,0.2,1,LPS,relacrelKO,synthetic_38
0.01,0.992,0.0,1,LPS,irf3irf7KO,synthetic_38
0.998,0.497,1.0,1,polyIC,WT,synthetic_38
0.995,0.0,1.0,1,polyIC,relacrelKO,synthetic_38
0.1,0.501,0.2,1,polyIC,irf3irf7KO,synthetic_38
0.0,0.5,0.0,1,polyIC,irf3irf5irf7KO,synthetic_38
0.25,1.0,0.6,1,LPS,WT,synthetic_39
0.247,1.0,0.6,0,LPS,p50KO,synthetic_39
0.01,0.808,0.0,1,CpG,WT,synthetic_39
0.01,0.802,0.3,0,CpG,p50KO,synthetic_39
0.249,0.0,0.2,1,LPS,relacrelKO,synthetic_39
0.01,1.0,0.0,1,LPS,irf3irf7KO,synthetic_39
0.977,0.498,1.0,1,polyIC,WT,synthetic_39
0.992,0.0,1.0,1,polyIC,relacrelKO,synthetic_39
0.1,0.497,0.2,1,polyIC,irf3irf7KO,synthetic_39
0.0,0.503,0.0,1,polyIC,irf3irf5irf7KO,synthetic_39
0.25,1.0,0.6,1,LPS,WT,synthetic_40
0.252,0.998,0.6,0,LPS,p50KO,synthetic_40
0.01,0.801,0.0,1,CpG,WT,synthetic_40
0.01,0.793,0.3,0,CpG,p50KO,synthetic_40
0.247,0.0,0.2,1,LPS,relacrelKO,synthetic_40
0.01,1.0,0.0,1,LPS,irf3irf7KO,synthetic_40
1.0,0.5,1.0,1,polyIC,WT,synthetic_40
1.0,0.0,1.0,1,polyIC,relacrelKO,synthetic_40
0.1,0.5,0.2,1,polyIC,irf3irf7KO,synthetic_40
0.0,0.505,0.0,1,polyIC,irf3irf5irf7KO,synthetic_40
0.248,1.0,0.6,1,LPS,WT,synthetic_41
0.249,1.0,0.6,0,LPS,p50KO,synthetic_41
0.01,0.789,0.0,1,CpG,WT,synthetic_41
0.01,0.8,0.3,0,CpG,p50KO,synthetic_41
0.251,0.0,0.2,1,LPS,relacrelKO,synthetic_41
0.01,0.991,0.0,1,LPS,irf3irf7KO,synthetic_41
0.992,0.498,1.0,1,polyIC,WT,synthetic_41
0.996,0.0,1.0,1,polyIC,relacrelKO,synthetic_41
0.1,0.495,0.2,1,polyIC,irf3irf7KO,synthetic_41
0.0,0.501,0.0,1,polyIC,irf3irf5irf7KO,synthetic_41
0.25,1.0,0.6,1,LPS,WT,synthetic_42
0.249,0.986,0.6,0,LPS,p50KO,synthetic_42
0.01,0.795,0.0,1,CpG,WT,synthetic_42
0.01,0.808,0.3,0,CpG,p50KO,synthetic_42
0.252,0.0,0.2,1,LPS,relacrelKO,synthetic_42
0.01,0.992,0.0,1,LPS,irf3irf7KO,synthetic_42
0.991,0.494,1.0,1,polyIC,WT,synthetic_42
1.0,0.0,1.0,1,polyIC,relacrelKO,synthetic_42
0.1,0.496,0.2,1,polyIC,irf3irf7KO,synthetic_42
0.0,0.497,0.0,1,polyIC,irf3irf5irf7KO,synthetic_42
0.25,0.989,0.6,1,LPS,WT,synthetic_43
0.251,1.0,0.6,0,LPS,p50KO,synthetic_43
0.01,0.794,0.0,1,CpG,WT,synthetic_43
0.01,0.797,0.3,0,CpG,p50KO,synthetic_43
0.248,0.0,0.2,1,LPS,relacrelKO,synthetic_43
0.01,1.0,0.0,1,LPS,irf3irf7KO,synthetic_43
1.0,0.505,1.0,1,polyIC,WT,synthetic_43
0.997,0.0,1.0,1,polyIC,relacrelKO,synthetic_43
0.1,0.491,0.2,1,polyIC,irf3irf7KO,synthetic_43
0.0,0.498,0.0,1,polyIC,irf3irf5irf7KO,synthetic_43
0.251,0.997,0.6,1,LPS,WT,synthetic_44
0.245,0.999,0.6,0,LPS,p50KO,synthetic_44
0.01,0.808,0.0,1,CpG,WT,synthetic_44
0.01,0.797,0.3,0,CpG,p50KO,synthetic_44
0.247,0.0,0.2,1,LPS,relacrelKO,synthetic_44
0.01,1.0,0.0,1,LPS,irf3irf7KO,synthetic_44
1.0,0.501,1.0,1,polyIC,WT,synthetic_44
0.989,0.0,1.0,1,polyIC,relacrelKO,synthetic_44
0.099,0.502,0.2,1,polyIC,irf3irf7KO,synthetic_44
0.0,0.504,0.0,1,polyIC,irf3irf5irf7KO,synthetic_44
0.25,1.0,0.6,1,LPS,WT,synthetic_45
0.249,1.0,0.6,0,LPS,p50KO,synthetic_45
0.01,0.802,0.0,1,CpG,WT,synthetic_45
0.01,0.804,0.3,0,CpG,p50KO,synthetic_45
0.251,0.0,0.2,1,LPS,relacrelKO,synthetic_45
0.01,0.99,0.0,1,LPS,irf3irf7KO,synthetic_45
0.994,0.503,1.0,1,polyIC,WT,synthetic_45
1.0,0.0,1.0,1,polyIC,relacrelKO,synthetic_45
0.1,0.497,0.2,1,polyIC,irf3irf7KO,synthetic_45
0.0,0.501,0.0,1,polyIC,irf3irf5irf7KO,synthetic_45
0.251,1.0,0.6,1,LPS,WT,synthetic_46
0.253,0.98,0.6,0,LPS,p50KO,synthetic_46
0.01,0.796,0.0,1,CpG,WT,synthetic_46
0.01,0.804,0.3,0,CpG,p50KO,synthetic_46
0.249,0.0,0.2,1,LPS,relacrelKO,synthetic_46
0.01,0.983,0.0,1,LPS,irf3irf7KO,synthetic_46
1.0,0.499,1.0,1,polyIC,WT,synthetic_46
1.0,0.0,1.0,1,polyIC,relacrelKO,synthetic_46
0.1,0.506,0.2,1,polyIC,irf3irf7KO,synthetic_46
0.0,0.509,0.0,1,polyIC,irf3irf5irf7KO,synthetic_46
0.251,0.987,0.6,1,LPS,WT,synthetic_47
0.249,0.997,0.6,0,LPS,p50KO,synthetic_47
0.01,0.798,0.0,1,CpG,WT,synthetic_47
0.01,0.799,0.3,0,CpG,p50KO,synthetic_47
0.253,0.0,0.2,1,LPS,relacrelKO,synthetic_47
0.01,0.999,0.0,1,LPS,irf3irf7KO,synthetic_47
0.997,0.503,1.0,1,polyIC,WT,synthetic_47
0.995,0.0,1.0,1,polyIC,relacrelKO,synthetic_47
0.101,0.505,0.2,1,polyIC,irf3irf7KO,synthetic_47
0.0,0.499,0.0,1,polyIC,irf3irf5irf7KO,synthetic_47
0.251,0.998,0.6,1,LPS,WT,synthetic_48
0.251,1.0,0.6,0,LPS,p50KO,synthetic_48
0.01,0.79,0.0,1,CpG,WT,synthetic_48
0.01,0.801,0.3,0,CpG,p50KO,synthetic_48
0.25,0.0,0.2,1,LPS,relacrelKO,synthetic_48
0.01,1.0,0.0,1,LPS,irf3irf7KO,synthetic_48
0.995,0.499,1.0,1,polyIC,WT,synthetic_48
0.999,0.0,1.0,1,polyIC,relacrelKO,synthetic_48
0.098,0.497,0.2,1,polyIC,irf3irf7KO,synthetic_48
0.0,0.495,0.0,1,polyIC,irf3irf5irf7KO,synthetic_48
0.249,0.999,0.6,1,LPS,WT,synthetic_49
0.251,0.992,0.6,0,LPS,p50KO,synthetic_49
0.01,0.79,0.0,1,CpG,WT,synthetic_49
0.01,0.793,0.3,0,CpG,p50KO,synthetic_49
0.248,0.0,0.2,1,LPS,relacrelKO,synthetic_49
0.01,1.0,0.0,1,LPS,irf3irf7KO,synthetic_49
1.0,0.504,1.0,1,polyIC,WT,synthetic_49
0.994,0.0,1.0,1,polyIC,relacrelKO,synthetic_49
0.099,0.496,0.2,1,polyIC,irf3irf7KO,synthetic_49
0.0,0.498,0.0,1,polyIC,irf3irf5irf7KO,synthetic_49
0.251,0.986,0.6,1,LPS,WT,synthetic_50
0.248,1.0,0.6,0,LPS,p50KO,synthetic_50
0.01,0.809,0.0,1,CpG,WT,synthetic_50
0.01,0.807,0.3,0,CpG,p50KO,synthetic_50
0.251,0.0,0.2,1,LPS,relacrelKO,synthetic_50
0.01,1.0,0.0,1,LPS,irf3irf7KO,synthetic_50
0.997,0.508,1.0,1,polyIC,WT,synthetic_50
0.995,0.0,1.0,1,polyIC,relacrelKO,synthetic_50
0.101,0.504,0.2,1,polyIC,irf3irf7KO,synthetic_50
0.0,0.503,0.0,1,polyIC,irf3irf5irf7KO,synthetic_50
0.249,0.99,0.6,1,LPS,WT,synthetic_51
0.248,0.991,0.6,0,LPS,p50KO,synthetic_51
0.01,0.793,0.0,1,CpG,WT,synthetic_51
0.01,0.794,0.3,0,CpG,p50KO,synthetic_51
0.248,0.0,0.2,1,LPS,relacrelKO,synthetic_51
0.01,1.0,0.0,1,LPS,irf3irf7KO,synthetic_51
0.999,0.505,1.0,1,polyIC,WT,synthetic_51
0.998,0.0,1.0,1,polyIC,relacrelKO,synthetic_51
0.099,0.498,0.2,1,polyIC,irf3irf7KO,synthetic_51
0.0,0.497,0.0,1,polyIC,irf3irf5irf7KO,synthetic_51
0.251,0.991,0.6,1,LPS,WT,synthetic_52
0.249,1.0,0.6,0,LPS,p50KO,synthetic_52
0.01,0.802,0.0,1,CpG,WT,synthetic_52
0.01,0.804,0.3,0,CpG,p50KO,synthetic_52
0.251,0.0,0.2,1,LPS,relacrelKO,synthetic_52
0.01,1.0,0.0,1,LPS,irf3irf7KO,synthetic_52
0.999,0.496,1.0,1,polyIC,WT,synthetic_52
0.991,0.0,1.0,1,polyIC,relacrelKO,synthetic_52
0.102,0.5,0.2,1,polyIC,irf3irf7KO,synthetic_52
0.0,0.503,0.0,1,polyIC,irf3irf5irf7KO,synthetic_52
0.25,0.996,0.6,1,LPS,WT,synthetic_53
0.251,0.992,0.6,0,LPS,p50KO,synthetic_53
0.01,0.799,0.0,1,CpG,WT,synthetic_53
0.01,0.805,0.3,0,CpG,p50KO,synthetic_53
0.249,0.0,0.2,1,LPS,relacrelKO,synthetic_53
0.01,1.0,0.0,1,LPS,irf3irf7KO,synthetic_53
1.0,0.498,1.0,1,polyIC,WT,synthetic_53
1.0,0.0,1.0,1,polyIC,relacrelKO,synthetic_53
0.099,0.499,0.2,1,polyIC,irf3irf7KO,synthetic_53
0.0,0.507,0.0,1,polyIC,irf3irf5irf7KO,synthetic_53
0.246,1.0,0.6,1,LPS,WT,synthetic_54
0.254,0.99,0.6,0,LPS,p50KO,synthetic_54
0.01,0.793,0.0,1,CpG,WT,synthetic_54
0.01,0.803,0.3,0,CpG,p50KO,synthetic_54
0.25,0.0,0.2,1,LPS,relacrelKO,synthetic_54
0.01,0.998,0.0,1,LPS,irf3irf7KO,synthetic_54
0.986,0.501,1.0,1,polyIC,WT,synthetic_54
0.991,0.0,1.0,1,polyIC,relacrelKO,synthetic_54
0.101,0.499,0.2,1,polyIC,irf3irf7KO,synthetic_54
0.0,0.498,0.0,1,polyIC,irf3irf5irf7KO,synthetic_54
0.248,0.999,0.6,1,LPS,WT,synthetic_55
0.25,1.0,0.6,0,LPS,p50KO,synthetic_55
0.01,0.807,0.0,1,CpG,WT,synthetic_55
0.01,0.791,0.3,0,CpG,p50KO,synthetic_55
0.25,0.0,0.2,1,LPS,relacrelKO,synthetic_55
0.01,1.0,0.0,1,LPS,irf3irf7KO,synthetic_55
1.0,0.502,1.0,1,polyIC,WT,synthetic_55
0.99,0.0,1.0,1,polyIC,relacrelKO,synthetic_55
0.1,0.507,0.2,1,polyIC,irf3irf7KO,synthetic_55
0.0,0.496,0.0,1,polyIC,irf3irf5irf7KO,synthetic_55
0.25,1.0,0.6,1,LPS,WT,synthetic_56
0.251,0.994,0.6,0,LPS,p50KO,synthetic_56
0.01,0.799,0.0,1,CpG,WT,synthetic_56
0.01,0.803,0.3,0,CpG,p50KO,synthetic_56
0.25,0.0,0.2,1,LPS,relacrelKO,synthetic_56
0.01,0.996,0.0,1,LPS,irf3irf7KO,synthetic_56
0.989,0.505,1.0,1,polyIC,WT,synthetic_56
1.0,0.0,1.0,1,polyIC,relacrelKO,synthetic_56
0.101,0.5,0.2,1,polyIC,irf3irf7KO,synthetic_56
0.0,0.503,0.0,1,polyIC,irf3irf5irf7KO,synthetic_56
0.246,0.994,0.6,1,LPS,WT,synthetic_57
0.251,0.99,0.6,0,LPS,p50KO,synthetic_57
0.01,0.801,0.0,1,CpG,WT,synthetic_57
0.01,0.805,0.3,0,CpG,p50KO,synthetic_57
0.252,0.0,0.2,1,LPS,relacrelKO,synthetic_57
0.01,0.992,0.0,1,LPS,irf3irf7KO,synthetic_57
1.0,0.503,1.0,1,polyIC,WT,synthetic_57
0.995,0.0,1.0,1,polyIC,relacrelKO,synthetic_57
0.1,0.509,0.2,1,polyIC,irf3irf7KO,synthetic_57
0.0,0.502,0.0,1,polyIC,irf3irf5irf7KO,synthetic_57
0.248,1.0,0.6,1,LPS,WT,synthetic_58
0.248,1.0,0.6,0,LPS,p50KO,synthetic_58
0.01,0.801,0.0,1,CpG,WT,synthetic_58
0.01,0.801,0.3,0,CpG,p50KO,synthetic_58
0.249,0.0,0.2,1,LPS,relacrelKO,synthetic_58
0.01,0.991,0.0,1,LPS,irf3irf7KO,synthetic_58
1.0,0.499,1.0,1,polyIC,WT,synthetic_58
0.999,0.0,1.0,1,polyIC,relacrelKO,synthetic_58
0.101,0.502,0.2,1,polyIC,irf3irf7KO,synthetic_58
0.0,0.499,0.0,1,polyIC,irf3irf5irf7KO,synthetic_58
0.25,0.993,0.6,1,LPS,WT,synthetic_59
0.248,1.0,0.6,0,LPS,p50KO,synthetic_59
0.01,0.791,0.0,1,CpG,WT,synthetic_59
0.01,0.791,0.3,0,CpG,p50KO,synthetic_59
0.25,0.0,0.2,1,LPS,relacrelKO,synthetic_59
0.01,1.0,0.0,1,LPS,irf3irf7KO,synthetic_59
0.997,0.497,1.0,1,polyIC,WT,synthetic_59
0.997,0.0,1.0,1,polyIC,relacrelKO,synthetic_59
0.099,0.494,0.2,1,polyIC,irf3irf7KO,synthetic_59
0.0,0.499,0.0,1,polyIC,irf3irf5irf7KO,synthetic_59
0.249,1.0,0.6,1,LPS,WT,synthetic_60
0.25,0.985,0.6,0,LPS,p50KO,synthetic_60
0.01,0.805,0.0,1,CpG,WT,synthetic_60
0.01,0.793,0.3,0,CpG,p50KO,synthetic_60
0.249,0.0,0.2,1,LPS,relacrelKO,synthetic_60
0.01,1.0,0.0,1,LPS,irf3irf7KO,synthetic_60
1.0,0.497,1.0,1,polyIC,WT,synthetic_60
0.989,0.0,1.0,1,polyIC,relacrelKO,synthetic_60
0.1,0.499,0.2,1,polyIC,irf3irf7KO,synthetic_60
0.0,0.499,0.0,1,polyIC,irf3irf5irf7KO,synthetic_60
0.25,0.995,0.6,1,LPS,WT,synthetic_61
0.249,0.996,0.6,0,LPS,p50KO,synthetic_61
0.01,0.814,0.0,1,CpG,WT,synthetic_61
0.01,0.8,0.3,0,CpG,p50KO,synthetic_61
0.248,0.0,0.2,1,LPS,relacrelKO,synthetic_61
0.01,0.996,0.0,1,LPS,irf3irf7KO,synthetic_61
1.0,0.494,1.0,1,polyIC,WT,synthetic_61
0.992,0.0,1.0,1,polyIC,relacrelKO,synthetic_61
0.1,0.501,0.2,1,polyIC,irf3irf7KO,synthetic_61
0.0,0.5,0.0,1,polyIC,irf3irf5irf7KO,synthetic_61
0.249,1.0,0.6,1,LPS,WT,synthetic_62
0.251,1.0,0.6,0,LPS,p50KO,synthetic_62
0.01,0.798,0.0,1,CpG,WT,synthetic_62
0.01,0.804,0.3,0,CpG,p50KO,synthetic_62
0.254,0.0,0.2,1,LPS,relacrelKO,synthetic_62
0.01,0.992,0.0,1,LPS,irf3irf7KO,synthetic_62
0.986,0.499,1.0,1,polyIC,WT,synthetic_62
1.0,0.0,1.0,1,polyIC,relacrelKO,synthetic_62
0.099,0.494,0.2,1,polyIC,irf3irf7KO,synthetic_62
0.0,0.506,0.0,1,polyIC,irf3irf5irf7KO,synthetic_62
0.248,0.994,0.6,1,LPS,WT,synthetic_63
0.248,1.0,0.6,0,LPS,p50KO,synthetic_63
0.01,0.8,0.0,1,CpG,WT,synthetic_63
0.01,0.796,0.3,0,CpG,p50KO,synthetic_63
0.25,0.0,0.2,1,LPS,relacrelKO,synthetic_63
0.01,0.993,0.0,1,LPS,irf3irf7KO,synthetic_63
1.0,0.509,1.0,1,polyIC,WT,synthetic_63
1.0,0.0,1.0,1,polyIC,relacrelKO,synthetic_63
0.101,0.497,0.2,1,polyIC,irf3irf7KO,synthetic_63
0.0,0.504,0.0,1,polyIC,irf3irf5irf7KO,synthetic_63
0.249,1.0,0.6,1,LPS,WT,synthetic_64
0.251,0.989,0.6,0,LPS,p50KO,synthetic_64
0.01,0.798,0.0,1,CpG,WT,synthetic_64
0.01,0.797,0.3,0,CpG,p50KO,synthetic_64
0.251,0.0,0.2,1,LPS,relacrelKO,synthetic_64
0.01,1.0,0.0,1,LPS,irf3irf7KO,synthetic_64
0.999,0.492,1.0,1,polyIC,WT,synthetic_64
0.997,0.0,1.0,1,polyIC,relacrelKO,synthetic_64
0.1,0.496,0.2,1,polyIC,irf3irf7KO,synthetic_64
0.0,0.496,0.0,1,polyIC,irf3irf5irf7KO,synthetic_64
0.251,0.989,0.6,1,LPS,WT,synthetic_65
0.249,0.999,0.6,0,LPS,p50KO,synthetic_65
0.01,0.797,0.0,1,CpG,WT,synthetic_65
0.01,0.795,0.3,0,CpG,p50KO,synthetic_65
0.245,0.0,0.2,1,LPS,relacrelKO,synthetic_65
0.01,0.999,0.0,1,LPS,irf3irf7KO,synthetic_65
1.0,0.502,1.0,1,polyIC,WT,synthetic_65
0.996,0.0,1.0,1,polyIC,relacrelKO,synthetic_65
0.102,0.499,0.2,1,polyIC,irf3irf7KO,synthetic_65
0.0,0.493,0.0,1,polyIC,irf3irf5irf7KO,synthetic_65
0.251,1.0,0.6,1,LPS,WT,synthetic_66
0.253,1.0,0.6,0,LPS,p50KO,synthetic_66
0.01,0.797,0.0,1,CpG,WT,synthetic_66
0.01,0.799,0.3,0,CpG,p50KO,synthetic_66
0.252,0.0,0.2,1,LPS,relacrelKO,synthetic_66
0.01,0.992,0.0,1,LPS,irf3irf7KO,synthetic_66
1.0,0.512,1.0,1,polyIC,WT,synthetic_66
1.0,0.0,1.0,1,polyIC,relacrelKO,synthetic_66
0.101,0.499,0.2,1,polyIC,irf3irf7KO,synthetic_66
0.0,0.502,0.0,1,polyIC,irf3irf5irf7KO,synthetic_66
0.251,1.0,0.6,1,LPS,WT,synthetic_67
0.249,0.997,0.6,0,LPS,p50KO,synthetic_67
0.01,0.807,0.0,1,CpG,WT,synthetic_67
0.01,0.799,0.3,0,CpG,p50KO,synthetic_67
0.249,0.0,0.2,1,LPS,relacrelKO,synthetic_67
0.01,0.999,0.0,1,LPS,irf3irf7KO,synthetic_67
0.997,0.501,1.0,1,polyIC,WT,synthetic_67
1.0,0.0,1.0,1,polyIC,relacrelKO,synthetic_67
0.1,0.497,0.2,1,polyIC,irf3irf7KO,synthetic_67
0.0,0.5,0.0,1,polyIC,irf3irf5irf7KO,synthetic_67
0.252,1.0,0.6,1,LPS,WT,synthetic_68
0.251,0.992,0.6,0,LPS,p50KO,synthetic_68
0.01,0.801,0.0,1,CpG,WT,synthetic_68
0.01,0.803,0.3,0,CpG,p50KO,synthetic_68
0.25,0.0,0.2,1,LPS,relacrelKO,synthetic_68
0.01,1.0,0.0,1,LPS,irf3irf7KO,synthetic_68
0.993,0.496,1.0,1,polyIC,WT,synthetic_68
1.0,0.0,1.0,1,polyIC,relacrelKO,synthetic_68
0.1,0.502,0.2,1,polyIC,irf3irf7KO,synthetic_68
0.0,0.503,0.0,1,polyIC,irf3irf5irf7KO,synthetic_68
0.251,1.0,0.6,1,LPS,WT,synthetic_69
0.249,1.0,0.6,0,LPS,p50KO,synthetic_69
0.01,0.809,0.0,1,CpG,WT,synthetic_69
0.01,0.81,0.3,0,CpG,p50KO,synthetic_69
0.251,0.0,0.2,1,LPS,relacrelKO,synthetic_69
0.01,1.0,0.0,1,LPS,irf3irf7KO,synthetic_69
0.996,0.497,1.0,1,polyIC,WT,synthetic_69
0.989,0.0,1.0,1,polyIC,relacrelKO,synthetic_69
0.1,0.503,0.2,1,polyIC,irf3irf7KO,synthetic_69
0.0,0.501,0.0,1,polyIC,irf3irf5irf7KO,synthetic_69
0.249,1.0,0.6,1,LPS,WT,synthetic_70
0.25,1.0,0.6,0,LPS,p50KO,synthetic_70
0.01,0.802,0.0,1,CpG,WT,synthetic_70
0.01,0.79,0.3,0,CpG,p50KO,synthetic_70
0.251,0.0,0.2,1,LPS,relacrelKO,synthetic_70
0.01,0.982,0.0,1,LPS,irf3irf7KO,synthetic_70
1.0,0.499,1.0,1,polyIC,WT,synthetic_70
1.0,0.0,1.0,1,polyIC,relacrelKO,synthetic_70
0.1,0.496,0.2,1,polyIC,irf3irf7KO,synthetic_70
0.0,0.498,0.0,1,polyIC,irf3irf5irf7KO,synthetic_70
0.253,0.984,0.6,1,LPS,WT,synthetic_71
0.25,1.0,0.6,0,LPS,p50KO,synthetic_71
0.01,0.8,0.0,1,CpG,WT,synthetic_71
0.01,0.796,0.3,0,CpG,p50KO,synthetic_71
0.254,0.0,0.2,1,LPS,relacrelKO,synthetic_71
0.01,1.0,0.0,1,LPS,irf3irf7KO,synthetic_71
0.991,0.497,1.0,1,polyIC,WT,synthetic_71
1.0,0.0,1.0,1,polyIC,relacrelKO,synthetic_71
0.1,0.502,0.2,1,polyIC,irf3irf7KO,synthetic_71
0.0,0.501,0.0,1,polyIC,irf3irf5irf7KO,synthetic_71
0.25,1.0,0.6,1,LPS,WT,synthetic_72
0.25,0.998,0.6,0,LPS,p50KO,synthetic_72
0.01,0.799,0.0,1,CpG,WT,synthetic_72
0.01,0.794,0.3,0,CpG,p50KO,synthetic_72
0.248,0.0,0.2,1,LPS,relacrelKO,synthetic_72
0.01,1.0,0.0,1,LPS,irf3irf7KO,synthetic_72
0.993,0.499,1.0,1,polyIC,WT,synthetic_72
1.0,0.0,1.0,1,polyIC,relacrelKO,synthetic_72
0.1,0.503,0.2,1,polyIC,irf3irf7KO,synthetic_72
0.0,0.504,0.0,1,polyIC,irf3irf5irf7KO,synthetic_72
0.247,1.0,0.6,1,LPS,WT,synthetic_73
0.251,1.0,0.6,0,LPS,p50KO,synthetic_73
0.01,0.802,0.0,1,CpG,WT,synthetic_73
0.01,0.797,0.3,0,CpG,p50KO,synthetic_73
0.25,0.0,0.2,1,LPS,relacrelKO,synthetic_73
0.01,0.989,0.0,1,LPS,irf3irf7KO,synthetic_73
0.996,0.503,1.0,1,polyIC,WT,synthetic_73
1.0,0.0,1.0,1,polyIC,relacrelKO,synthetic_73
0.099,0.497,0.2,1,polyIC,irf3irf7KO,synthetic_73
0.0,0.498,0.0,1,polyIC,irf3irf5irf7KO,synthetic_73
0.245,0.997,0.6,1,LPS,WT,synthetic_74
0.251,0.994,0.6,0,LPS,p50KO,synthetic_74
0.01,0.805,0.0,1,CpG,WT,synthetic_74
0.01,0.798,0.3,0,CpG,p50KO,synthetic_74
0.253,0.0,0.2,1,LPS,relacrelKO,synthetic_74
0.01,0.986,0.0,1,LPS,irf3irf7KO,synthetic_74
1.0,0.498,1.0,1,polyIC,WT,synthetic_74
0.992,0.0,1.0,1,polyIC,relacrelKO,synthetic_74
0.1,0.502,0.2,1,polyIC,irf3irf7KO,synthetic_74
0.0,0.501,0.0,1,polyIC,irf3irf5irf7KO,synthetic_74
0.251,0.997,0.6,1,LPS,WT,synthetic_75
0.25,0.992,0.6,0,LPS,p50KO,synthetic_75
0.01,0.799,0.0,1,CpG,WT,synthetic_75
0.01,0.804,0.3,0,CpG,p50KO,synthetic_75
0.249,0.0,0.2,1,LPS,relacrelKO,synthetic_75
0.01,1.0,0.0,1,LPS,irf3irf7KO,synthetic_75
1.0,0.488,1.0,1,polyIC,WT,synthetic_75
0.992,0.0,1.0,1,polyIC,relacrelKO,synthetic_75
0.101,0.5,0.2,1,polyIC,irf3irf7KO,synthetic_75
0.0,0.502,0.0,1,polyIC,irf3irf5irf7KO,synthetic_75
0.25,0.987,0.6,1,LPS,WT,synthetic_76
0.253,1.0,0.6,0,LPS,p50KO,synthetic_76
0.01,0.811,0.0,1,CpG,WT,synthetic_76
0.01,0.787,0.3,0,CpG,p50KO,synthetic_76
0.254,0.0,0.2,1,LPS,relacrelKO,synthetic_76
0.01,0.996,0.0,1,LPS,irf3irf7KO,synthetic_76
0.996,0.501,1.0,1,polyIC,WT,synthetic_76
0.988,0.0,1.0,1,polyIC,relacrelKO,synthetic_76
0.1,0.503,0.2,1,polyIC,irf3irf7KO,synthetic_76
0.0,0.495,0.0,1,polyIC,irf3irf5irf7KO,synthetic_76
0.252,1.0,0.6,1,LPS,WT,synthetic_77
0.25,0.998,0.6,0,LPS,p50KO,synthetic_77
0.01,0.8,0.0,1,CpG,WT,synthetic_77
0.01,0.807,0.3,0,CpG,p50KO,synthetic_77
0.253,0.0,0.2,1,LPS,relacrelKO,synthetic_77
0.01,0.996,0.0,1,LPS,irf3irf7KO,synthetic_77
0.991,0.509,1.0,1,polyIC,WT,synthetic_77
1.0,0.0,1.0,1,polyIC,relacrelKO,synthetic_77
0.099,0.503,0.2,1,polyIC,irf3irf7KO,synthetic_77
0.0,0.503,0.0,1,polyIC,irf3irf5irf7KO,synthetic_77
0.252,0.989,0.6,1,LPS,WT,synthetic_78
0.248,1.0,0.6,0,LPS,p50KO,synthetic_78
0.01,0.806,0.0,1,CpG,WT,synthetic_78
0.01,0.797,0.3,0,CpG,p50KO,synthetic_78
0.25,0.0,0.2,1,LPS,relacrelKO,synthetic_78
0.01,1.0,0.0,1,LPS,irf3irf7KO,synthetic_78
0.996,0.499,1.0,1,polyIC,WT,synthetic_78
0.999,0.0,1.0,1,polyIC,relacrelKO,synthetic_78
0.1,0.502,0.2,1,polyIC,irf3irf7KO,synthetic_78
0.0,0.505,0.0,1,polyIC,irf3irf5irf7KO,synthetic_78
0.254,1.0,0.6,1,LPS,WT,synthetic_79
0.251,1.0,0.6,0,LPS,p50KO,synthetic_79
0.01,0.8,0.0,1,CpG,WT,synthetic_79
0.01,0.798,0.3,0,CpG,p50KO,synthetic_79
0.252,0.0,0.2,1,LPS,relacrelKO,synthetic_79
0.01,0.987,0.0,1,LPS,irf3irf7KO,synthetic_79
1.0,0.499,1.0,1,polyIC,WT,synthetic_79
1.0,0.0,1.0,1,polyIC,relacrelKO,synthetic_79
0.1,0.499,0.2,1,polyIC,irf3irf7KO,synthetic_79
0.0,0.5,0.0,1,polyIC,irf3irf5irf7KO,synthetic_79
0.249,1.0,0.6,1,LPS,WT,synthetic_80
0.25,0.997,0.6,0,LPS,p50KO,synthetic_80
0.01,0.806,0.0,1,CpG,WT,synthetic_80
0.01,0.796,0.3,0,CpG,p50KO,synthetic_80
0.247,0.0,0.2,1,LPS,relacrelKO,synthetic_80
0.01,1.0,0.0,1,LPS,irf3irf7KO,synthetic_80
1.0,0.504,1.0,1,polyIC,WT,synthetic_80
1.0,0.0,1.0,1,polyIC,relacrelKO,synthetic_80
0.1,0.497,0.2,1,polyIC,irf3irf7KO,synthetic_80
0.0,0.499,0.0,1,polyIC,irf3irf5irf7KO,synthetic_80
0.251,1.0,0.6,1,LPS,WT,synthetic_81
0.247,0.995,0.6,0,LPS,p50KO,synthetic_81
0.01,0.809,0.0,1,CpG,WT,synthetic_81
0.01,0.797,0.3,0,CpG,p50KO,synthetic_81
0.25,0.0,0.2,1,LPS,relacrelKO,synthetic_81
0.01,0.998,0.0,1,LPS,irf3irf7KO,synthetic_81
0.994,0.499,1.0,1,polyIC,WT,synthetic_81
1.0,0.0,1.0,1,polyIC,relacrelKO,synthetic_81
0.101,0.494,0.2,1,polyIC,irf3irf7KO,synthetic_81
0.0,0.499,0.0,1,polyIC,irf3irf5irf7KO,synthetic_81
0.25,1.0,0.6,1,LPS,WT,synthetic_82
0.253,1.0,0.6,0,LPS,p50KO,synthetic_82
0.01,0.804,0.0,1,CpG,WT,synthetic_82
0.01,0.803,0.3,0,CpG,p50KO,synthetic_82
0.251,0.0,0.2,1,LPS,relacrelKO,synthetic_82
0.01,0.997,0.0,1,LPS,irf3irf7KO,synthetic_82
0.997,0.502,1.0,1,polyIC,WT,synthetic_82
1.0,0.0,1.0,1,polyIC,relacrelKO,synthetic_82
0.1,0.5,0.2,1,polyIC,irf3irf7KO,synthetic_82
0.0,0.506,0.0,1,polyIC,irf3irf5irf7KO,synthetic_82
0.25,1.0,0.6,1,LPS,WT,synthetic_83
0.252,1.0,0.6,0,LPS,p50KO,synthetic_83
0.01,0.786,0.0,1,CpG,WT,synthetic_83
0.01,0.793,0.3,0,CpG,p50KO,synthetic_83
0.252,0.0,0.2,1,LPS,relacrelKO,synthetic_83
0.01,0.999,0.0,1,LPS,irf3irf7KO,synthetic_83
0.992,0.493,1.0,1,polyIC,WT,synthetic_83
0.996,0.0,1.0,1,polyIC,relacrelKO,synthetic_83
0.1,0.499,0.2,1,polyIC,irf3irf7KO,synthetic_83
0.0,0.506,0.0,1,polyIC,irf3irf5irf7KO,synthetic_83
0.247,1.0,0.6,1,LPS,WT,synthetic_84
0.25,0.997,0.6,0,LPS,p50KO,synthetic_84
0.01,0.795,0.0,1,CpG,WT,synthetic_84
0.01,0.801,0.3,0,CpG,p50KO,synthetic_84
0.246,0.0,0.2,1,LPS,relacrelKO,synthetic_84
0.01,1.0,0.0,1,LPS,irf3irf7KO,synthetic_84
0.999,0.504,1.0,1,polyIC,WT,synthetic_84
0.993,0.0,1.0,1,polyIC,relacrelKO,synthetic_84
0.1,0.496,0.2,1,polyIC,irf3irf7KO,synthetic_84
0.0,0.499,0.0,1,polyIC,irf3irf5irf7KO,synthetic_84
0.249,1.0,0.6,1,LPS,WT,synthetic_85
0.251,0.997,0.6,0,LPS,p50KO,synthetic_85
0.01,0.794,0.0,1,CpG,WT,synthetic_85
0.01,0.804,0.3,0,CpG,p50KO,synthetic_85
0.251,0.0,0.2,1,LPS,relacrelKO,synthetic_85
0.01,1.0,0.0,1,LPS,irf3irf7KO,synthetic_85
1.0,0.511,1.0,1,polyIC,WT,synthetic_85
1.0,0.0,1.0,1,polyIC,relacrelKO,synthetic_85
0.1,0.498,0.2,1,polyIC,irf3irf7KO,synthetic_85
0.0,0.497,0.0,1,polyIC,irf3irf5irf7KO,synthetic_85
0.251,1.0,0.6,1,LPS,WT,synthetic_86
0.25,0.993,0.6,0,LPS,p50KO,synthetic_86
0.01,0.81,0.0,1,CpG,WT,synthetic_86
0.01,0.8,0.3,0,CpG,p50KO,synthetic_86
0.251,0.0,0.2,1,LPS,relacrelKO,synthetic_86
0.01,1.0,0.0,1,LPS,irf3irf7KO,synthetic_86
1.0,0.5,1.0,1,polyIC,WT,synthetic_86
1.0,0.0,1.0,1,polyIC,relacrelKO,synthetic_86
0.1,0.5,0.2,1,polyIC,irf3irf7KO,synthetic_86
0.0,0.503,0.0,1,polyIC,irf3irf5irf7KO,synthetic_86
0.249,0.997,0.6,1,LPS,WT,synthetic_87
0.25,1.0,0.6,0,LPS,p50KO,synthetic_87
0.01,0.799,0.0,1,CpG,WT,synthetic_87
0.01,0.795,0.3,0,CpG,p50KO,synthetic_87
0.25,0.0,0.2,1,LPS,relacrelKO,synthetic_87
0.01,0.999,0.0,1,LPS,irf3irf7KO,synthetic_87
0.993,0.505,1.0,1,polyIC,WT,synthetic_87
0.998,0.0,1.0,1,polyIC,relacrelKO,synthetic_87
0.101,0.504,0.2,1,polyIC,irf3irf7KO,synthetic_87
0.0,0.498,0.0,1,polyIC,irf3irf5irf7KO,synthetic_87
0.252,0.998,0.6,1,LPS,WT,synthetic_88
0.248,0.998,0.6,0,LPS,p50KO,synthetic_88
0.01,0.801,0.0,1,CpG,WT,synthetic_88
0.01,0.808,0.3,0,CpG,p50KO,synthetic_88
0.25,0.0,0.2,1,LPS,relacrelKO,synthetic_88
0.01,0.999,0.0,1,LPS,irf3irf7KO,synthetic_88
1.0,0.505,1.0,1,polyIC,WT,synthetic_88
0.996,0.0,1.0,1,polyIC,relacrelKO,synthetic_88
0.1,0.499,0.2,1,polyIC,irf3irf7KO,synthetic_88
0.0,0.5,0.0,1,polyIC,irf3irf5irf7KO,synthetic_88
0.252,0.992,0.6,1,LPS,WT,synthetic_89
0.249,1.0,0.6,0,LPS,p50KO,synthetic_89
0.01,0.805,0.0,1,CpG,WT,synthetic_89
0.01,0.799,0.3,0,CpG,p50KO,synthetic_89
0.253,0.0,0.2,1,LPS,relacrelKO,synthetic_89
0.01,0.997,0.0,1,LPS,irf3irf7KO,synthetic_89
0.996,0.495,1.0,1,polyIC,WT,synthetic_89
1.0,0.0,1.0,1,polyIC,relacrelKO,synthetic_89
0.102,0.496,0.2,1,polyIC,irf3irf7KO,synthetic_89
0.0,0.502,0.0,1,polyIC,irf3irf5irf7KO,synthetic_89
0.249,0.983,0.6,1,LPS,WT,synthetic_90
0.253,1.0,0.6,0,LPS,p50KO,synthetic_90
0.01,0.798,0.0,1,CpG,WT,synthetic_90
0.01,0.801,0.3,0,CpG,p50KO,synthetic_90
0.253,0.0,0.2,1,LPS,relacrelKO,synthetic_90
0.01,1.0,0.0,1,LPS,irf3irf7KO,synthetic_90
0.993,0.504,1.0,1,polyIC,WT,synthetic_90
0.996,0.0,1.0,1,polyIC,relacrelKO,synthetic_90
0.1,0.501,0.2,1,polyIC,irf3irf7KO,synthetic_90
0.0,0.498,0.0,1,polyIC,irf3irf5irf7KO,synthetic_90
0.25,0.993,0.6,1,LPS,WT,synthetic_91
0.252,1.0,0.6,0,LPS,p50KO,synthetic_91
0.01,0.798,0.0,1,CpG,WT,synthetic_91
0.01,0.8,0.3,0,CpG,p50KO,synthetic_91
0.248,0.0,0.2,1,LPS,relacrelKO,synthetic_91
0.01,0.991,0.0,1,LPS,irf3irf7KO,synthetic_91
1.0,0.499,1.0,1,polyIC,WT,synthetic_91
0.999,0.0,1.0,1,polyIC,relacrelKO,synthetic_91
0.1,0.493,0.2,1,polyIC,irf3irf7KO,synthetic_91
0.0,0.495,0.0,1,polyIC,irf3irf5irf7KO,synthetic_91
0.248,1.0,0.6,1,LPS,WT,synthetic_92
0.248,0.991,0.6,0,LPS,p50KO,synthetic_92
0.01,0.798,0.0,1,CpG,WT,synthetic_92
0.01,0.798,0.3,0,CpG,p50KO,synthetic_92
0.249,0.0,0.2,1,LPS,relacrelKO,synthetic_92
0.01,0.996,0.0,1,LPS,irf3irf7KO,synthetic_92
1.0,0.504,1.0,1,polyIC,WT,synthetic_92
1.0,0.0,1.0,1,polyIC,relacrelKO,synthetic_92
0.099,0.507,0.2,1,polyIC,irf3irf7KO,synthetic_92
0.0,0.505,0.0,1,polyIC,irf3irf5irf7KO,synthetic_92
0.249,0.991,0.6,1,LPS,WT,synthetic_93
0.249,0.997,0.6,0,LPS,p50KO,synthetic_93
0.01,0.8,0.0,1,CpG,WT,synthetic_93
0.01,0.801,0.3,0,CpG,p50KO,synthetic_93
0.252,0.0,0.2,1,LPS,relacrelKO,synthetic_93
0.01,1.0,0.0,1,LPS,irf3irf7KO,synthetic_93
1.0,0.498,1.0,1,polyIC,WT,synthetic_93
0.999,0.0,1.0,1,polyIC,relacrelKO,synthetic_93
0.1,0.505,0.2,1,polyIC,irf3irf7KO,synthetic_93
0.0,0.503,0.0,1,polyIC,irf3irf5irf7KO,synthetic_93
0.25,1.0,0.6,1,LPS,WT,synthetic_94
0.252,1.0,0.6,0,LPS,p50KO,synthetic_94
0.01,0.805,0.0,1,CpG,WT,synthetic_94
0.01,0.796,0.3,0,CpG,p50KO,synthetic_94
0.248,0.0,0.2,1,LPS,relacrelKO,synthetic_94
0.01,0.994,0.0,1,LPS,irf3irf7KO,synthetic_94
1.0,0.506,1.0,1,polyIC,WT,synthetic_94
1.0,0.0,1.0,1,polyIC,relacrelKO,synthetic_94
0.099,0.507,0.2,1,polyIC,irf3irf7KO,synthetic_94
0.0,0.495,0.0,1,polyIC,irf3irf5irf7KO,synthetic_94
0.249,1.0,0.6,1,LPS,WT,synthetic_95
0.252,0.996,0.6,0,LPS,p50KO,synthetic_95
0.01,0.798,0.0,1,CpG,WT,synthetic_95
0.01,0.792,0.3,0,CpG,p50KO,synthetic_95
0.249,0.0,0.2,1,LPS,relacrelKO,synthetic_95
0.01,0.995,0.0,1,LPS,irf3irf7KO,synthetic_95
1.0,0.498,1.0,1,polyIC,WT,synthetic_95
0.983,0.0,1.0,1,polyIC,relacrelKO,synthetic_95
0.101,0.501,0.2,1,polyIC,irf3irf7KO,synthetic_95
0.0,0.498,0.0,1,polyIC,irf3irf5irf7KO,synthetic_95
0.247,0.994,0.6,1,LPS,WT,synthetic_96
0.251,0.993,0.6,0,LPS,p50KO,synthetic_96
0.01,0.799,0.0,1,CpG,WT,synthetic_96
0.01,0.806,0.3,0,CpG,p50KO,synthetic_96
0.251,0.0,0.2,1,LPS,relacrelKO,synthetic_96
0.01,1.0,0.0,1,LPS,irf3irf7KO,synthetic_96
0.998,0.494,1.0,1,polyIC,WT,synthetic_96
0.999,0.0,1.0,1,polyIC,relacrelKO,synthetic_96
0.099,0.498,0.2,1,polyIC,irf3irf7KO,synthetic_96
0.0,0.504,0.0,1,polyIC,irf3irf5irf7KO,synthetic_96
0.251,1.0,0.6,1,LPS,WT,synthetic_97
0.25,0.995,0.6,0,LPS,p50KO,synthetic_97
0.01,0.799,0.0,1,CpG,WT,synthetic_97
0.01,0.809,0.3,0,CpG,p50KO,synthetic_97
0.251,0.0,0.2,1,LPS,relacrelKO,synthetic_97
0.01,0.995,0.0,1,LPS,irf3irf7KO,synthetic_97
1.0,0.499,1.0,1,polyIC,WT,synthetic_97
1.0,0.0,1.0,1,polyIC,relacrelKO,synthetic_97
0.101,0.498,0.2,1,polyIC,irf3irf7KO,synthetic_97
0.0,0.501,0.0,1,polyIC,irf3irf5irf7KO,synthetic_97
0.252,0.989,0.6,1,LPS,WT,synthetic_98
0.25,0.999,0.6,0,LPS,p50KO,synthetic_98
0.01,0.791,0.0,1,CpG,WT,synthetic_98
0.01,0.801,0.3,0,CpG,p50KO,synthetic_98
0.249,0.0,0.2,1,LPS,relacrelKO,synthetic_98
0.01,1.0,0.0,1,LPS,irf3irf7KO,synthetic_98
0.988,0.499,1.0,1,polyIC,WT,synthetic_98
1.0,0.0,1.0,1,polyIC,relacrelKO,synthetic_98
0.101,0.496,0.2,1,polyIC,irf3irf7KO,synthetic_98
0.0,0.497,0.0,1,polyIC,irf3irf5irf7KO,synthetic_98
